OrderId;Description;Workcenter;Plant;Priority;StartDate;FinishDate;StartTime;FinishTime;FunctLoc;Equipment;NotifNo;RespPerson;Released;Completed
1000000000;Proident sunt in;WORK1;NEO3;2;2023-06-29;2023-07-11;22:59:12;13:59:12;FUNC-LOC-1-12;EQU-10;;3683;false;false
1000000001;Laboris nisi ut;WORK9;NEO1;2;2023-07-16;2023-07-25;14:59:12;09:59:12;FUNC-LOC-1-14;EQU-8;;2745;true;true
1000000002;Elit sed do;WORK5;NEO3;1;2023-07-09;2023-07-25;20:59:12;21:59:12;FUNC-LOC-1;EQU-12;1000000002;1000;false;true
1000000003;Dolor in reprehenderit;WORK14;NEO1;3;2023-07-13;2023-07-13;16:59:12;16:59:12;FUNC-LOC-1-14;EQU-11;;1946;false;false
1000000004;Pariatur Excepteur sint;WORK5;NEO3;2;2023-06-30;2023-07-01;17:59:12;06:59:12;FUNC-LOC-1-14;EQU-12;;1946;false;true
1000000005;Sed do eiusmod;WORK8;NEO1;3;2023-07-02;2023-07-11;11:59:12;08:59:12;FUNC-LOC-1-10;EQU-4;1000000005;3052;false;true
1000000006;Nsectetur adipiscing elit;WORK1;NEO2;1;2023-07-21;2023-07-21;21:59:12;03:59:12;FUNC-LOC-1-12;EQU-9;1000000006;1000;false;true
1000000007;Exercitation ullamco laboris;WORK5;NEO3;3;2023-07-14;2023-07-30;08:59:12;22:59:12;FUNC-LOC-2;EQU-4;1000000007;2000;true;false
1000000008;Anim id est;WORK2;NEO1;1;2023-07-12;2023-08-08;09:59:12;18:59:12;FUNC-LOC-1-12;EQU-3;1000000008;1946;false;false
1000000009;Pariatur Excepteur sint;WORK9;NEO3;1;2023-07-07;2023-07-11;17:59:12;14:59:12;FUNC-LOC-1-10;EQU-1;;1689;false;true
1000000010;Eu fugiat nulla;WORK8;NEO3;1;2023-07-13;2023-07-19;00:59:12;15:59:12;FUNC-LOC-1-10;EQU-8;1000000010;1234;false;true
1000000011;Sunt in culpa;WORK5;NEO2;1;2023-07-18;2023-07-27;21:59:12;12:59:12;FUNC-LOC-1-12;EQU-5;;2000;true;false
1000000012;Excepteur sint occaecat;WORK6;NEO1;3;2023-07-06;2023-08-01;19:59:12;20:59:12;FUNC-LOC-2;EQU-8;;2000;true;false
1000000013;Dolor in reprehenderit;WORK7;NEO2;3;2023-07-07;2023-07-21;20:59:12;21:59:12;FUNC-LOC-1;EQU-9;1000000013;1000;true;true
1000000014;Pariatur Excepteur sint;WORK12;NEO2;2;2023-07-10;2023-07-17;20:59:12;09:59:12;FUNC-LOC-1-10;EQU-14;1000000014;1234;false;false
1000000015;Elit sed do;WORK8;NEO3;1;2023-07-26;2023-08-24;17:59:12;05:59:12;FUNC-LOC-1-12;EQU-14;1000000015;1000;false;false
1000000016;Dolore magna aliqua;WORK11;NEO3;1;2023-06-29;2023-06-30;22:59:12;07:59:12;FUNC-LOC-1-14;EQU-6;1000000016;1946;false;false
1000000017;Minim veniam quis;WORK7;NEO2;1;2023-07-17;2023-08-14;14:59:12;09:59:12;FUNC-LOC-2;EQU-12;;3683;true;true
1000000018;Fugiat nulla pariatur;WORK7;NEO1;2;2023-07-05;2023-07-24;21:59:12;17:59:12;FUNC-LOC-1;EQU-13;;1234;true;false
1000000019;Do eiusmod tempor;WORK7;NEO3;2;2023-07-26;2023-08-10;03:59:12;11:59:12;FUNC-LOC-1-10;EQU-9;;2994;true;false
1000000020;Veniam quis nostrud;WORK5;NEO2;1;2023-07-14;2023-07-20;15:59:12;11:59:12;FUNC-LOC-1-12;EQU-5;;1946;false;false
1000000021;Ut aliquip ex;WORK13;NEO3;1;2023-07-18;2023-07-28;03:59:12;01:59:12;FUNC-LOC-1-12;EQU-9;;1946;false;false
1000000022;Qui officia deserunt;WORK2;NEO3;3;2023-07-26;2023-08-16;21:59:12;16:59:12;FUNC-LOC-1-10;EQU-11;1000000022;3052;false;true
1000000023;Magna aliqua Ut;WORK3;NEO1;1;2023-07-07;2023-07-12;06:59:12;06:59:12;FUNC-LOC-1;EQU-10;1000000023;1000;true;true
1000000024;Proident sunt in;WORK2;NEO3;1;2023-07-18;2023-08-04;22:59:12;06:59:12;FUNC-LOC-1-14;EQU-6;;1234;false;false
1000000025;Elit sed do;WORK10;NEO1;1;2023-07-08;2023-07-20;10:59:12;07:59:12;FUNC-LOC-2;EQU-5;;1000;true;true
1000000026;Pariatur Excepteur sint;WORK9;NEO2;3;2023-07-19;2023-07-31;06:59:12;02:59:12;FUNC-LOC-1-10;EQU-2;;1689;false;true
1000000027;Ipsum dolor sit;WORK10;NEO1;2;2023-07-05;2023-07-18;00:59:12;14:59:12;FUNC-LOC-1-14;EQU-13;1000000027;1689;true;true
1000000028;Ut enim ad;WORK9;NEO3;2;2023-07-20;2023-08-01;12:59:12;10:59:12;FUNC-LOC-1-10;EQU-13;1000000028;2000;true;false
1000000029;Ullamco laboris nisi;WORK6;NEO1;3;2023-07-09;2023-07-17;13:59:12;10:59:12;FUNC-LOC-1-14;EQU-8;;3052;false;true
1000000030;Amet co nsectetur;WORK4;NEO2;3;2023-07-16;2023-07-26;13:59:12;02:59:12;FUNC-LOC-1;EQU-1;;1000;true;false
1000000031;Sunt in culpa;WORK6;NEO3;3;2023-07-22;2023-07-24;07:59:12;18:59:12;FUNC-LOC-1-14;EQU-1;;2994;true;true
1000000032;Cupidatat non proident;WORK2;NEO3;3;2023-07-21;2023-08-19;18:59:12;02:59:12;FUNC-LOC-1-10;EQU-12;1000000032;1000;false;false
1000000033;Sunt in culpa;WORK2;NEO1;2;2023-07-26;2023-07-27;05:59:12;08:59:12;FUNC-LOC-2;EQU-4;;2745;false;true
1000000034;Laboris nisi ut;WORK4;NEO3;3;2023-07-22;2023-08-08;09:59:12;20:59:12;FUNC-LOC-1-10;EQU-5;;1689;false;true
1000000035;Labore et dolore;WORK12;NEO1;3;2023-07-27;2023-08-15;05:59:12;08:59:12;FUNC-LOC-1;EQU-13;1000000035;2745;false;false
1000000036;Enim ad minim;WORK6;NEO1;2;2023-07-25;2023-08-06;16:59:12;20:59:12;FUNC-LOC-2;EQU-13;1000000036;1000;true;true
1000000037;Sit amet co;WORK9;NEO2;1;2023-07-01;2023-07-23;18:59:12;04:59:12;FUNC-LOC-1-10;EQU-12;;2745;false;true
1000000038;Ut enim ad;WORK1;NEO3;2;2023-07-08;2023-07-29;09:59:12;01:59:12;FUNC-LOC-1;EQU-2;;3683;false;false
1000000039;Do eiusmod tempor;WORK6;NEO2;3;2023-06-30;2023-07-21;20:59:12;12:59:12;FUNC-LOC-2;EQU-4;;1234;false;false
1000000040;Eu fugiat nulla;WORK10;NEO3;2;2023-07-24;2023-08-02;23:59:12;17:59:12;FUNC-LOC-1-14;EQU-2;;1946;false;false
1000000041;Non proident sunt;WORK14;NEO1;3;2023-06-28;2023-07-23;13:59:12;06:59:12;FUNC-LOC-1-12;EQU-7;1000000041;3052;false;false
1000000042;Sunt in culpa;WORK8;NEO1;3;2023-07-13;2023-07-24;10:59:12;06:59:12;FUNC-LOC-1;EQU-3;;2745;false;false
1000000043;Irure dolor in;WORK8;NEO3;2;2023-07-04;2023-07-31;18:59:12;18:59:12;FUNC-LOC-1-12;EQU-8;1000000043;2994;true;true
1000000044;Ipsum dolor sit;WORK4;NEO1;2;2023-07-11;2023-08-08;01:59:12;20:59:12;FUNC-LOC-1-10;EQU-1;1000000044;1234;false;true
1000000045;Qui officia deserunt;WORK12;NEO1;1;2023-07-12;2023-07-24;03:59:12;21:59:12;FUNC-LOC-1;EQU-8;1000000045;1689;true;false
1000000046;Cupidatat non proident;WORK1;NEO2;3;2023-07-04;2023-07-28;15:59:12;01:59:12;FUNC-LOC-1-14;EQU-12;1000000046;1000;false;true
1000000047;Nsectetur adipiscing elit;WORK9;NEO2;2;2023-07-09;2023-08-05;12:59:12;12:59:12;FUNC-LOC-1-10;EQU-14;;1234;false;true
1000000048;Dolor sit amet;WORK9;NEO1;3;2023-07-23;2023-07-31;11:59:12;23:59:12;FUNC-LOC-2;EQU-2;1000000048;3052;false;false
1000000049;Nsectetur adipiscing elit;WORK2;NEO3;1;2023-06-28;2023-07-12;13:59:12;07:59:12;FUNC-LOC-1-14;EQU-14;1000000049;2000;true;true
1000000050;Ex ea commodo;WORK9;NEO1;2;2023-07-02;2023-07-25;10:59:12;05:59:12;FUNC-LOC-1-14;EQU-1;1000000050;2000;false;true
1000000051;Esse cillum dolore;WORK10;NEO3;3;2023-07-13;2023-07-16;22:59:12;20:59:12;FUNC-LOC-2;EQU-8;;1946;true;false
1000000052;Adipiscing elit sed;WORK7;NEO3;2;2023-07-22;2023-07-29;01:59:12;04:59:12;FUNC-LOC-1;EQU-11;1000000052;3683;true;false
1000000053;Ut labore et;WORK6;NEO1;3;2023-06-30;2023-07-26;05:59:12;14:59:12;FUNC-LOC-2;EQU-6;;1946;false;true
1000000054;Qui officia deserunt;WORK4;NEO3;1;2023-07-24;2023-07-28;05:59:12;05:59:12;FUNC-LOC-1-14;EQU-2;1000000054;2745;false;true
1000000055;Velit esse cillum;WORK8;NEO3;1;2023-07-26;2023-08-11;12:59:12;11:59:12;FUNC-LOC-1-10;EQU-4;1000000055;2994;false;false
1000000056;Esse cillum dolore;WORK11;NEO2;3;2023-07-12;2023-08-06;22:59:12;20:59:12;FUNC-LOC-1-12;EQU-9;;1234;true;false
1000000057;Et dolore magna;WORK9;NEO3;1;2023-07-17;2023-07-21;16:59:12;05:59:12;FUNC-LOC-1-14;EQU-9;;2000;true;true
1000000058;Nostrud exercitation ullamco;WORK14;NEO3;1;2023-07-09;2023-07-15;23:59:12;05:59:12;FUNC-LOC-1-10;EQU-6;1000000058;2745;true;false
1000000059;Cupidatat non proident;WORK2;NEO2;2;2023-07-17;2023-08-07;09:59:12;23:59:12;FUNC-LOC-2;EQU-8;1000000059;2994;false;true
1000000060;Sint occaecat cupidatat;WORK7;NEO2;2;2023-07-20;2023-07-21;19:59:12;08:59:12;FUNC-LOC-1;EQU-3;1000000060;1689;false;true
1000000061;Nostrud exercitation ullamco;WORK13;NEO2;2;2023-07-07;2023-07-20;23:59:12;23:59:12;FUNC-LOC-1;EQU-13;;1000;true;true
1000000062;Cupidatat non proident;WORK5;NEO1;1;2023-07-18;2023-08-15;10:59:12;20:59:12;FUNC-LOC-1-12;EQU-9;;1946;true;true
1000000063;Officia deserunt mollit;WORK3;NEO3;1;2023-07-08;2023-07-29;07:59:12;17:59:12;FUNC-LOC-1;EQU-9;;1234;false;false
1000000064;Nisi ut aliquip;WORK8;NEO2;1;2023-07-15;2023-07-28;01:59:12;03:59:12;FUNC-LOC-2;EQU-8;1000000064;2994;false;true
1000000065;Anim id est;WORK7;NEO2;2;2023-07-13;2023-07-31;16:59:12;17:59:12;FUNC-LOC-1;EQU-1;;1946;true;false
1000000066;Esse cillum dolore;WORK12;NEO2;2;2023-07-20;2023-07-29;01:59:12;10:59:12;FUNC-LOC-1-10;EQU-12;;3052;true;true
1000000067;Exercitation ullamco laboris;WORK7;NEO2;2;2023-07-20;2023-08-12;22:59:12;05:59:12;FUNC-LOC-2;EQU-12;1000000067;1689;false;true
1000000068;Incididunt ut labore;WORK6;NEO3;1;2023-07-16;2023-08-08;05:59:12;09:59:12;FUNC-LOC-1;EQU-14;1000000068;3052;true;true
1000000069;Qui officia deserunt;WORK10;NEO2;2;2023-07-13;2023-07-29;12:59:12;06:59:12;FUNC-LOC-1;EQU-5;;1689;false;true
1000000070;Amet co nsectetur;WORK6;NEO1;3;2023-07-05;2023-07-24;04:59:12;14:59:12;FUNC-LOC-1-14;EQU-10;;2000;false;true
1000000071;Incididunt ut labore;WORK5;NEO1;1;2023-07-21;2023-07-30;02:59:12;12:59:12;FUNC-LOC-1;EQU-13;;2745;false;true
1000000072;Aute irure dolor;WORK11;NEO3;1;2023-06-30;2023-07-28;12:59:12;14:59:12;FUNC-LOC-1-10;EQU-14;1000000072;1689;true;true
1000000073;Cillum dolore eu;WORK13;NEO2;1;2023-07-19;2023-07-27;15:59:12;16:59:12;FUNC-LOC-1-12;EQU-12;1000000073;2000;true;false
1000000074;Minim veniam quis;WORK1;NEO1;2;2023-07-17;2023-07-26;21:59:12;23:59:12;FUNC-LOC-1;EQU-7;;1234;false;true
1000000075;Ut labore et;WORK4;NEO1;2;2023-07-01;2023-07-09;22:59:12;09:59:12;FUNC-LOC-1-10;EQU-14;1000000075;2745;false;false
1000000076;Anim id est;WORK1;NEO3;2;2023-07-14;2023-08-03;06:59:12;02:59:12;FUNC-LOC-2;EQU-6;1000000076;3052;false;true
1000000077;Ut aliquip ex;WORK12;NEO2;1;2023-07-24;2023-08-13;14:59:12;15:59:12;FUNC-LOC-1-10;EQU-4;1000000077;1946;false;true
1000000078;Excepteur sint occaecat;WORK2;NEO3;2;2023-07-05;2023-08-02;22:59:12;04:59:12;FUNC-LOC-1-12;EQU-8;;1946;true;true
1000000079;Pariatur Excepteur sint;WORK1;NEO1;1;2023-07-23;2023-08-12;07:59:12;04:59:12;FUNC-LOC-1;EQU-5;1000000079;1689;true;true
1000000080;Laboris nisi ut;WORK10;NEO1;3;2023-07-24;2023-08-18;19:59:12;05:59:12;FUNC-LOC-1;EQU-6;1000000080;2000;true;false
1000000081;Esse cillum dolore;WORK3;NEO1;1;2023-07-16;2023-07-29;20:59:12;23:59:12;FUNC-LOC-1-12;EQU-5;;1946;true;true
1000000082;Reprehenderit in voluptate;WORK1;NEO2;2;2023-07-22;2023-08-14;01:59:12;04:59:12;FUNC-LOC-2;EQU-5;1000000082;1234;true;true
1000000083;Deserunt mollit anim;WORK14;NEO1;3;2023-07-20;2023-07-29;16:59:12;12:59:12;FUNC-LOC-1-10;EQU-9;;1689;false;false
1000000084;Aliquip ex ea;WORK1;NEO3;2;2023-07-24;2023-08-16;06:59:12;03:59:12;FUNC-LOC-1-10;EQU-5;1000000084;3052;true;true
1000000085;Non proident sunt;WORK3;NEO1;2;2023-06-30;2023-07-01;19:59:12;09:59:12;FUNC-LOC-1-10;EQU-14;1000000085;2000;false;true
1000000086;Consequat Duis aute;WORK14;NEO2;3;2023-07-12;2023-07-24;23:59:12;00:59:12;FUNC-LOC-1;EQU-9;1000000086;1946;false;true
1000000087;Qui officia deserunt;WORK3;NEO2;2;2023-06-30;2023-07-02;23:59:12;11:59:12;FUNC-LOC-2;EQU-13;1000000087;1689;true;true
1000000088;Cillum dolore eu;WORK4;NEO1;2;2023-07-19;2023-07-27;00:59:12;15:59:12;FUNC-LOC-1-10;EQU-7;;1946;false;true
1000000089;Labore et dolore;WORK6;NEO2;3;2023-07-02;2023-07-22;19:59:12;06:59:12;FUNC-LOC-1;EQU-5;1000000089;1946;false;false
1000000090;Consequat Duis aute;WORK6;NEO2;2;2023-07-20;2023-08-11;07:59:12;21:59:12;FUNC-LOC-1-14;EQU-7;1000000090;2745;false;false
1000000091;Occaecat cupidatat non;WORK14;NEO3;3;2023-06-30;2023-07-25;00:59:12;13:59:12;FUNC-LOC-2;EQU-5;1000000091;1234;true;false
1000000092;Nostrud exercitation ullamco;WORK8;NEO3;3;2023-07-07;2023-08-01;04:59:12;02:59:12;FUNC-LOC-2;EQU-12;1000000092;3052;false;false
1000000093;Do eiusmod tempor;WORK9;NEO1;1;2023-07-07;2023-07-25;04:59:12;11:59:12;FUNC-LOC-1-14;EQU-7;1000000093;2745;true;true
1000000094;Ex ea commodo;WORK9;NEO1;2;2023-07-25;2023-08-16;10:59:12;14:59:12;FUNC-LOC-1-12;EQU-11;1000000094;2745;true;false
1000000095;Amet co nsectetur;WORK11;NEO3;2;2023-07-10;2023-07-15;21:59:12;01:59:12;FUNC-LOC-1;EQU-2;;2994;false;false
1000000096;Dolor sit amet;WORK4;NEO3;3;2023-07-20;2023-08-13;02:59:12;12:59:12;FUNC-LOC-1-10;EQU-13;1000000096;2994;true;false
1000000097;Eiusmod tempor incididunt;WORK9;NEO2;1;2023-07-09;2023-08-04;14:59:12;21:59:12;FUNC-LOC-2;EQU-5;1000000097;2994;true;true
1000000098;Co nsectetur adipiscing;WORK5;NEO3;2;2023-07-01;2023-07-04;01:59:12;11:59:12;FUNC-LOC-1;EQU-9;;1000;false;false
1000000099;Dolore eu fugiat;WORK3;NEO1;3;2023-07-20;2023-08-06;11:59:12;19:59:12;FUNC-LOC-1-14;EQU-14;1000000099;2000;false;true
1000000100;Dolore eu fugiat;WORK9;NEO2;3;2023-07-20;2023-07-21;08:59:12;23:59:12;FUNC-LOC-1-14;EQU-7;;2745;true;true
1000000101;Tempor incididunt ut;WORK8;NEO2;2;2023-07-10;2023-07-20;19:59:12;15:59:12;FUNC-LOC-1;EQU-12;;1689;true;true
1000000102;Nulla pariatur Excepteur;WORK8;NEO2;1;2023-07-19;2023-07-28;19:59:12;21:59:12;FUNC-LOC-1-14;EQU-12;;1689;true;true
1000000103;Fugiat nulla pariatur;WORK13;NEO2;2;2023-07-20;2023-07-25;22:59:12;08:59:12;FUNC-LOC-1-14;EQU-12;;1000;false;false
1000000104;Ut enim ad;WORK9;NEO2;2;2023-07-07;2023-07-10;02:59:12;19:59:12;FUNC-LOC-2;EQU-2;;2994;false;false
1000000105;Irure dolor in;WORK7;NEO1;2;2023-07-08;2023-07-08;14:59:12;03:59:12;FUNC-LOC-2;EQU-12;;2000;false;true
1000000106;Mollit anim id;WORK3;NEO3;1;2023-07-02;2023-07-30;09:59:12;18:59:12;FUNC-LOC-2;EQU-3;;1000;true;true
1000000107;Adipiscing elit sed;WORK3;NEO3;3;2023-07-22;2023-07-30;16:59:12;04:59:12;FUNC-LOC-1-14;EQU-5;1000000107;1689;true;false
1000000108;Non proident sunt;WORK4;NEO2;1;2023-07-11;2023-07-20;02:59:12;07:59:12;FUNC-LOC-1;EQU-4;;1689;true;true
1000000109;Amet co nsectetur;WORK5;NEO1;2;2023-07-03;2023-07-06;05:59:12;15:59:12;FUNC-LOC-1;EQU-14;1000000109;1234;true;true
1000000110;Proident sunt in;WORK2;NEO2;1;2023-07-11;2023-07-23;18:59:12;13:59:12;FUNC-LOC-1;EQU-4;1000000110;3683;true;true
1000000111;Occaecat cupidatat non;WORK12;NEO2;2;2023-07-27;2023-08-01;10:59:12;02:59:12;FUNC-LOC-1-14;EQU-5;1000000111;2745;false;false
1000000112;Laboris nisi ut;WORK10;NEO1;1;2023-07-24;2023-08-09;14:59:12;15:59:12;FUNC-LOC-1-14;EQU-12;;1689;false;true
1000000113;Ullamco laboris nisi;WORK1;NEO1;1;2023-06-30;2023-07-07;03:59:12;05:59:12;FUNC-LOC-2;EQU-11;;1234;true;true
1000000114;Ea commodo consequat;WORK1;NEO3;1;2023-07-14;2023-08-07;04:59:12;20:59:12;FUNC-LOC-1;EQU-5;1000000114;2994;false;false
1000000115;Ad minim veniam;WORK5;NEO1;2;2023-07-10;2023-07-26;00:59:12;06:59:12;FUNC-LOC-2;EQU-12;1000000115;2745;false;false
1000000116;Commodo consequat Duis;WORK7;NEO2;2;2023-07-07;2023-07-28;03:59:12;13:59:12;FUNC-LOC-1-10;EQU-12;;2745;false;true
1000000117;Proident sunt in;WORK5;NEO3;1;2023-07-20;2023-08-12;01:59:12;03:59:12;FUNC-LOC-1-10;EQU-11;1000000117;1946;false;false
1000000118;Eu fugiat nulla;WORK6;NEO2;3;2023-07-05;2023-07-17;01:59:12;07:59:12;FUNC-LOC-2;EQU-11;;1000;false;false
1000000119;Et dolore magna;WORK5;NEO3;1;2023-07-04;2023-07-21;16:59:12;23:59:12;FUNC-LOC-2;EQU-2;1000000119;1234;true;true
1000000120;Culpa qui officia;WORK7;NEO3;2;2023-07-12;2023-08-03;14:59:12;20:59:12;FUNC-LOC-1-10;EQU-8;1000000120;3052;false;true
1000000121;Officia deserunt mollit;WORK3;NEO1;1;2023-07-25;2023-08-09;11:59:12;02:59:12;FUNC-LOC-1-10;EQU-1;;1946;true;false
1000000122;Labore et dolore;WORK14;NEO2;3;2023-07-13;2023-07-14;13:59:12;06:59:12;FUNC-LOC-1-12;EQU-5;;1234;true;true
1000000123;Ipsum dolor sit;WORK14;NEO3;2;2023-07-03;2023-07-10;02:59:12;13:59:12;FUNC-LOC-1-12;EQU-11;;3683;true;true
1000000124;Aute irure dolor;WORK4;NEO3;2;2023-07-06;2023-07-11;11:59:12;18:59:12;FUNC-LOC-1-10;EQU-5;;1946;false;false
1000000125;Lorem ipsum dolor;WORK8;NEO2;3;2023-07-03;2023-07-28;04:59:12;17:59:12;FUNC-LOC-1-14;EQU-10;1000000125;2994;false;false
1000000126;Cillum dolore eu;WORK7;NEO1;1;2023-07-06;2023-07-10;03:59:12;05:59:12;FUNC-LOC-1-12;EQU-12;1000000126;3052;true;true
1000000127;Cillum dolore eu;WORK6;NEO2;1;2023-06-28;2023-07-16;23:59:12;04:59:12;FUNC-LOC-1;EQU-9;1000000127;3683;false;true
1000000128;Fugiat nulla pariatur;WORK12;NEO1;2;2023-06-30;2023-07-18;07:59:12;16:59:12;FUNC-LOC-2;EQU-3;1000000128;1234;true;false
1000000129;Nostrud exercitation ullamco;WORK14;NEO2;3;2023-07-16;2023-08-04;01:59:12;23:59:12;FUNC-LOC-2;EQU-4;1000000129;1689;true;true
1000000130;Lorem ipsum dolor;WORK10;NEO2;2;2023-07-17;2023-08-13;06:59:12;10:59:12;FUNC-LOC-1;EQU-2;;2994;true;false
1000000131;Duis aute irure;WORK13;NEO3;1;2023-07-02;2023-07-27;07:59:12;21:59:12;FUNC-LOC-1-14;EQU-12;1000000131;1234;false;true
1000000132;Cupidatat non proident;WORK2;NEO3;2;2023-07-22;2023-07-30;02:59:12;19:59:12;FUNC-LOC-1;EQU-9;1000000132;1946;true;true
1000000133;Excepteur sint occaecat;WORK10;NEO3;2;2023-07-19;2023-08-03;02:59:12;10:59:12;FUNC-LOC-1-12;EQU-14;;3683;false;false
1000000134;Ad minim veniam;WORK8;NEO3;1;2023-07-24;2023-08-17;08:59:12;00:59:12;FUNC-LOC-1-14;EQU-5;;3052;true;true
1000000135;Esse cillum dolore;WORK5;NEO2;1;2023-06-28;2023-07-08;05:59:12;09:59:12;FUNC-LOC-1;EQU-4;;1234;false;true
1000000136;Adipiscing elit sed;WORK2;NEO2;2;2023-07-24;2023-07-26;20:59:12;02:59:12;FUNC-LOC-1-10;EQU-13;1000000136;3052;true;true
1000000137;Culpa qui officia;WORK12;NEO1;3;2023-07-17;2023-08-02;12:59:12;10:59:12;FUNC-LOC-1-14;EQU-9;1000000137;1689;true;true
1000000138;Minim veniam quis;WORK6;NEO3;2;2023-07-16;2023-08-08;12:59:12;19:59:12;FUNC-LOC-1-14;EQU-14;1000000138;1946;false;true
1000000139;Officia deserunt mollit;WORK13;NEO3;3;2023-07-14;2023-08-09;19:59:12;07:59:12;FUNC-LOC-2;EQU-11;;1946;false;true
1000000140;Elit sed do;WORK5;NEO3;2;2023-07-27;2023-08-03;12:59:12;20:59:12;FUNC-LOC-1;EQU-12;;2994;false;false
1000000141;Et dolore magna;WORK2;NEO1;1;2023-07-13;2023-07-28;00:59:12;01:59:12;FUNC-LOC-2;EQU-7;1000000141;2994;false;true
1000000142;Esse cillum dolore;WORK9;NEO1;2;2023-07-02;2023-07-17;08:59:12;12:59:12;FUNC-LOC-1-10;EQU-3;1000000142;1234;false;true
1000000143;Labore et dolore;WORK2;NEO2;1;2023-07-03;2023-08-01;05:59:12;11:59:12;FUNC-LOC-1;EQU-8;1000000143;1234;false;true
1000000144;Ad minim veniam;WORK13;NEO2;3;2023-07-02;2023-07-23;23:59:12;09:59:12;FUNC-LOC-1-10;EQU-8;1000000144;1946;false;true
1000000145;Dolore magna aliqua;WORK5;NEO1;2;2023-07-08;2023-07-20;22:59:12;05:59:12;FUNC-LOC-1;EQU-1;;1234;false;true
1000000146;Commodo consequat Duis;WORK1;NEO1;1;2023-07-14;2023-07-27;14:59:12;05:59:12;FUNC-LOC-1-10;EQU-12;1000000146;1234;false;false
1000000147;In voluptate velit;WORK11;NEO3;3;2023-07-02;2023-07-11;04:59:12;10:59:12;FUNC-LOC-2;EQU-9;1000000147;2000;true;false
1000000148;Irure dolor in;WORK9;NEO2;1;2023-07-08;2023-07-16;08:59:12;22:59:12;FUNC-LOC-1-12;EQU-3;;3683;false;false
1000000149;Sint occaecat cupidatat;WORK6;NEO1;3;2023-07-20;2023-07-20;06:59:12;21:59:12;FUNC-LOC-1-10;EQU-9;;1000;false;false
1000000150;Aliquip ex ea;WORK7;NEO3;1;2023-07-11;2023-07-19;10:59:12;17:59:12;FUNC-LOC-1-14;EQU-14;1000000150;1234;true;false
1000000151;Sint occaecat cupidatat;WORK1;NEO1;2;2023-06-30;2023-07-07;13:59:12;19:59:12;FUNC-LOC-2;EQU-8;;3052;true;false
1000000152;Quis nostrud exercitation;WORK1;NEO2;1;2023-07-22;2023-08-09;07:59:12;21:59:12;FUNC-LOC-1-12;EQU-11;;2994;false;false
1000000153;Sint occaecat cupidatat;WORK7;NEO1;3;2023-07-22;2023-08-19;18:59:12;19:59:12;FUNC-LOC-1-14;EQU-6;;1234;false;false
1000000154;Irure dolor in;WORK5;NEO3;2;2023-07-01;2023-07-30;01:59:12;06:59:12;FUNC-LOC-1-12;EQU-14;;3683;true;true
1000000155;In voluptate velit;WORK6;NEO3;3;2023-07-08;2023-07-31;00:59:12;11:59:12;FUNC-LOC-1;EQU-2;;3683;false;false
1000000156;Eiusmod tempor incididunt;WORK10;NEO3;3;2023-07-10;2023-07-22;06:59:12;14:59:12;FUNC-LOC-1-10;EQU-11;;2994;true;false
1000000157;Nsectetur adipiscing elit;WORK4;NEO3;1;2023-07-25;2023-08-20;16:59:12;05:59:12;FUNC-LOC-1-10;EQU-11;;1234;false;true
1000000158;Adipiscing elit sed;WORK4;NEO3;1;2023-07-21;2023-07-27;12:59:12;07:59:12;FUNC-LOC-1-12;EQU-3;1000000158;1689;true;true
1000000159;Officia deserunt mollit;WORK13;NEO1;3;2023-06-30;2023-07-18;14:59:12;09:59:12;FUNC-LOC-1-12;EQU-7;1000000159;1234;true;true
1000000160;Do eiusmod tempor;WORK5;NEO1;1;2023-07-25;2023-08-18;20:59:12;09:59:12;FUNC-LOC-1-12;EQU-6;1000000160;1946;false;false
1000000161;Veniam quis nostrud;WORK7;NEO3;1;2023-07-26;2023-08-22;12:59:12;22:59:12;FUNC-LOC-1-14;EQU-13;;2745;false;true
1000000162;Excepteur sint occaecat;WORK14;NEO1;2;2023-07-09;2023-07-22;18:59:12;15:59:12;FUNC-LOC-1-14;EQU-3;1000000162;1689;false;false
1000000163;Eu fugiat nulla;WORK5;NEO1;2;2023-07-10;2023-07-12;02:59:12;00:59:12;FUNC-LOC-1-12;EQU-2;;3052;true;false
1000000164;Sed do eiusmod;WORK6;NEO1;3;2023-07-20;2023-07-27;20:59:12;06:59:12;FUNC-LOC-2;EQU-9;;1946;true;true
1000000165;Veniam quis nostrud;WORK7;NEO2;1;2023-07-05;2023-07-20;08:59:12;01:59:12;FUNC-LOC-1;EQU-10;1000000165;1234;false;true
1000000166;Fugiat nulla pariatur;WORK14;NEO1;1;2023-07-23;2023-08-11;18:59:12;04:59:12;FUNC-LOC-1-10;EQU-14;1000000166;2994;false;false
1000000167;Magna aliqua Ut;WORK9;NEO2;2;2023-07-08;2023-07-20;02:59:12;03:59:12;FUNC-LOC-1;EQU-14;1000000167;1689;true;false
1000000168;Do eiusmod tempor;WORK13;NEO1;3;2023-06-29;2023-06-30;23:59:12;02:59:12;FUNC-LOC-1-10;EQU-8;;1946;false;true
1000000169;Eu fugiat nulla;WORK13;NEO3;2;2023-07-21;2023-07-26;15:59:12;09:59:12;FUNC-LOC-1-12;EQU-1;1000000169;1234;false;false
1000000170;Et dolore magna;WORK4;NEO2;3;2023-06-30;2023-07-23;01:59:12;03:59:12;FUNC-LOC-1-10;EQU-4;;3052;true;true
1000000171;Incididunt ut labore;WORK5;NEO1;3;2023-06-29;2023-07-16;00:59:12;10:59:12;FUNC-LOC-2;EQU-9;1000000171;3052;true;true
1000000172;Ipsum dolor sit;WORK3;NEO3;2;2023-06-29;2023-07-07;01:59:12;09:59:12;FUNC-LOC-1-14;EQU-2;1000000172;1946;true;false
1000000173;Exercitation ullamco laboris;WORK7;NEO3;2;2023-07-11;2023-07-14;00:59:12;22:59:12;FUNC-LOC-1-12;EQU-2;1000000173;2994;true;true
1000000174;Lorem ipsum dolor;WORK14;NEO1;3;2023-07-07;2023-07-07;19:59:12;16:59:12;FUNC-LOC-1-12;EQU-8;;2000;true;true
1000000175;Enim ad minim;WORK9;NEO2;2;2023-07-20;2023-08-14;09:59:12;21:59:12;FUNC-LOC-1;EQU-4;;2994;true;false
1000000176;Magna aliqua Ut;WORK6;NEO2;3;2023-07-23;2023-07-26;14:59:12;08:59:12;FUNC-LOC-1;EQU-4;;3683;false;false
1000000177;Proident sunt in;WORK4;NEO2;3;2023-07-07;2023-07-18;00:59:12;17:59:12;FUNC-LOC-1;EQU-11;1000000177;2000;true;false
1000000178;Et dolore magna;WORK11;NEO2;2;2023-07-01;2023-07-18;19:59:12;11:59:12;FUNC-LOC-2;EQU-9;1000000178;1000;false;true
1000000179;In reprehenderit in;WORK3;NEO3;3;2023-07-27;2023-08-20;09:59:12;01:59:12;FUNC-LOC-1-12;EQU-1;;3052;false;true
1000000180;Velit esse cillum;WORK3;NEO3;1;2023-07-21;2023-07-23;19:59:12;20:59:12;FUNC-LOC-1;EQU-8;;1234;false;true
1000000181;Proident sunt in;WORK9;NEO1;3;2023-07-26;2023-08-24;16:59:12;22:59:12;FUNC-LOC-1-12;EQU-11;1000000181;2745;false;true
1000000182;Enim ad minim;WORK8;NEO2;2;2023-07-01;2023-07-17;09:59:12;09:59:12;FUNC-LOC-2;EQU-7;1000000182;1946;false;false
1000000183;Do eiusmod tempor;WORK9;NEO3;2;2023-07-10;2023-07-25;02:59:12;14:59:12;FUNC-LOC-1-14;EQU-10;;1689;true;true
1000000184;Deserunt mollit anim;WORK3;NEO3;1;2023-07-24;2023-08-18;18:59:12;03:59:12;FUNC-LOC-1-10;EQU-4;;1234;true;true
1000000185;Sint occaecat cupidatat;WORK2;NEO3;2;2023-07-10;2023-07-10;17:59:12;00:59:12;FUNC-LOC-1-12;EQU-9;;3052;true;true
1000000186;Dolore eu fugiat;WORK8;NEO2;1;2023-06-28;2023-07-12;07:59:12;13:59:12;FUNC-LOC-1-14;EQU-5;;2994;true;true
1000000187;Esse cillum dolore;WORK7;NEO3;3;2023-07-14;2023-07-19;05:59:12;13:59:12;FUNC-LOC-1-10;EQU-10;1000000187;3683;true;false
1000000188;Nulla pariatur Excepteur;WORK5;NEO1;1;2023-07-19;2023-07-23;02:59:12;23:59:12;FUNC-LOC-1-14;EQU-3;1000000188;2745;true;false
1000000189;Consequat Duis aute;WORK2;NEO1;3;2023-07-25;2023-08-22;16:59:12;20:59:12;FUNC-LOC-1-10;EQU-14;1000000189;3683;false;true
1000000190;Do eiusmod tempor;WORK8;NEO1;1;2023-07-09;2023-07-11;10:59:12;21:59:12;FUNC-LOC-1-10;EQU-2;;3052;false;true
1000000191;Exercitation ullamco laboris;WORK11;NEO2;2;2023-07-01;2023-07-02;15:59:12;23:59:12;FUNC-LOC-1-10;EQU-6;;1946;false;false
1000000192;Officia deserunt mollit;WORK10;NEO1;3;2023-07-09;2023-07-12;09:59:12;12:59:12;FUNC-LOC-1-10;EQU-11;;2000;true;true
1000000193;Sint occaecat cupidatat;WORK2;NEO3;1;2023-06-29;2023-07-22;08:59:12;13:59:12;FUNC-LOC-1;EQU-13;1000000193;1946;false;false
1000000194;Adipiscing elit sed;WORK11;NEO3;2;2023-07-18;2023-08-09;14:59:12;15:59:12;FUNC-LOC-2;EQU-2;;2745;false;false
1000000195;Voluptate velit esse;WORK10;NEO3;2;2023-07-06;2023-07-19;07:59:12;12:59:12;FUNC-LOC-1-10;EQU-5;1000000195;2994;true;false
1000000196;Sed do eiusmod;WORK13;NEO1;2;2023-07-08;2023-07-25;12:59:12;18:59:12;FUNC-LOC-1;EQU-5;1000000196;2994;true;true
1000000197;Nsectetur adipiscing elit;WORK10;NEO1;3;2023-07-22;2023-08-14;20:59:12;02:59:12;FUNC-LOC-1;EQU-13;1000000197;1000;true;true
1000000198;Cillum dolore eu;WORK8;NEO1;1;2023-07-16;2023-07-27;01:59:12;00:59:12;FUNC-LOC-1;EQU-11;;2994;true;false
1000000199;Duis aute irure;WORK1;NEO3;2;2023-07-01;2023-07-23;14:59:12;21:59:12;FUNC-LOC-1-14;EQU-11;1000000199;1000;true;true
1000000200;Fugiat nulla pariatur;WORK10;NEO2;1;2023-07-03;2023-07-12;15:59:12;13:59:12;FUNC-LOC-1-10;EQU-8;1000000200;1234;true;false
1000000201;Deserunt mollit anim;WORK7;NEO1;2;2023-07-11;2023-07-24;01:59:12;08:59:12;FUNC-LOC-1-12;EQU-4;;2000;false;true
1000000202;Do eiusmod tempor;WORK11;NEO2;3;2023-06-29;2023-07-23;23:59:12;20:59:12;FUNC-LOC-1-12;EQU-6;1000000202;3052;true;true
1000000203;Pariatur Excepteur sint;WORK13;NEO3;1;2023-07-18;2023-07-28;22:59:12;22:59:12;FUNC-LOC-1-10;EQU-14;;1946;true;true
1000000204;Pariatur Excepteur sint;WORK7;NEO2;3;2023-06-30;2023-07-28;23:59:12;21:59:12;FUNC-LOC-1;EQU-5;1000000204;3052;true;true
1000000205;Qui officia deserunt;WORK12;NEO2;2;2023-07-20;2023-08-14;11:59:12;11:59:12;FUNC-LOC-1-14;EQU-6;;1234;false;true
1000000206;Excepteur sint occaecat;WORK3;NEO1;3;2023-07-08;2023-07-29;13:59:12;22:59:12;FUNC-LOC-2;EQU-8;;2000;true;false
1000000207;Excepteur sint occaecat;WORK12;NEO2;3;2023-07-19;2023-07-22;10:59:12;05:59:12;FUNC-LOC-1;EQU-5;1000000207;3052;false;true
1000000208;Sint occaecat cupidatat;WORK13;NEO1;1;2023-07-18;2023-07-20;07:59:12;06:59:12;FUNC-LOC-1;EQU-8;1000000208;1000;false;false
1000000209;Quis nostrud exercitation;WORK4;NEO1;1;2023-07-09;2023-07-29;22:59:12;13:59:12;FUNC-LOC-1-10;EQU-6;;1000;false;true
1000000210;Nisi ut aliquip;WORK9;NEO2;3;2023-06-30;2023-07-22;14:59:12;16:59:12;FUNC-LOC-1;EQU-14;1000000210;1234;true;true
1000000211;Ea commodo consequat;WORK12;NEO3;3;2023-07-10;2023-07-16;14:59:12;09:59:12;FUNC-LOC-2;EQU-6;1000000211;1946;false;false
1000000212;Ea commodo consequat;WORK11;NEO2;3;2023-07-24;2023-08-11;00:59:12;20:59:12;FUNC-LOC-1-10;EQU-12;1000000212;2994;true;false
1000000213;Nostrud exercitation ullamco;WORK7;NEO3;1;2023-07-25;2023-08-07;04:59:12;08:59:12;FUNC-LOC-1-12;EQU-2;;2000;true;false
1000000214;Consequat Duis aute;WORK6;NEO2;2;2023-06-30;2023-07-09;19:59:12;23:59:12;FUNC-LOC-1-12;EQU-14;1000000214;2994;false;false
1000000215;Lorem ipsum dolor;WORK3;NEO3;1;2023-07-27;2023-08-12;18:59:12;12:59:12;FUNC-LOC-1-12;EQU-11;;2745;true;true
1000000216;Dolor sit amet;WORK8;NEO1;2;2023-07-07;2023-07-12;09:59:12;20:59:12;FUNC-LOC-1-12;EQU-2;1000000216;2745;true;false
1000000217;Minim veniam quis;WORK1;NEO3;3;2023-07-07;2023-07-11;11:59:12;10:59:12;FUNC-LOC-1-10;EQU-10;;1946;true;true
1000000218;Laboris nisi ut;WORK2;NEO3;3;2023-07-26;2023-07-30;09:59:12;11:59:12;FUNC-LOC-1-14;EQU-8;1000000218;1234;true;true
1000000219;Velit esse cillum;WORK10;NEO3;1;2023-07-20;2023-08-05;13:59:12;18:59:12;FUNC-LOC-2;EQU-1;;1000;true;false
1000000220;Amet co nsectetur;WORK5;NEO3;1;2023-07-16;2023-08-10;15:59:12;03:59:12;FUNC-LOC-1-12;EQU-6;1000000220;1946;false;true
1000000221;Voluptate velit esse;WORK2;NEO3;1;2023-07-06;2023-07-29;06:59:12;15:59:12;FUNC-LOC-1-14;EQU-3;;1000;false;false
1000000222;Eiusmod tempor incididunt;WORK2;NEO2;1;2023-07-08;2023-08-03;03:59:12;18:59:12;FUNC-LOC-1-10;EQU-8;;2745;false;true
1000000223;Excepteur sint occaecat;WORK14;NEO3;2;2023-07-04;2023-07-14;10:59:12;15:59:12;FUNC-LOC-1-10;EQU-13;1000000223;3683;true;false
1000000224;Cupidatat non proident;WORK9;NEO2;3;2023-06-29;2023-07-20;00:59:12;13:59:12;FUNC-LOC-2;EQU-6;1000000224;1946;true;false
1000000225;Laboris nisi ut;WORK7;NEO3;1;2023-07-18;2023-08-16;01:59:12;05:59:12;FUNC-LOC-1;EQU-7;1000000225;3683;true;true
1000000226;Occaecat cupidatat non;WORK12;NEO2;1;2023-07-17;2023-07-20;20:59:12;15:59:12;FUNC-LOC-2;EQU-10;;2994;true;true
1000000227;Aute irure dolor;WORK4;NEO1;2;2023-07-21;2023-07-29;17:59:12;02:59:12;FUNC-LOC-1-10;EQU-6;1000000227;2994;false;true
1000000228;Enim ad minim;WORK5;NEO1;3;2023-07-26;2023-08-13;21:59:12;13:59:12;FUNC-LOC-1-12;EQU-13;;1000;false;false
1000000229;Veniam quis nostrud;WORK14;NEO3;2;2023-07-27;2023-08-10;01:59:12;22:59:12;FUNC-LOC-2;EQU-8;;2994;false;false
1000000230;Anim id est;WORK5;NEO1;2;2023-07-11;2023-08-05;08:59:12;19:59:12;FUNC-LOC-1;EQU-4;;2000;true;true
1000000231;Fugiat nulla pariatur;WORK11;NEO3;2;2023-07-16;2023-08-10;21:59:12;19:59:12;FUNC-LOC-1-12;EQU-3;1000000231;1946;true;true
1000000232;Ut labore et;WORK9;NEO1;2;2023-07-20;2023-07-28;21:59:12;15:59:12;FUNC-LOC-2;EQU-12;1000000232;2745;false;false
1000000233;Mollit anim id;WORK2;NEO3;3;2023-06-28;2023-07-18;14:59:12;16:59:12;FUNC-LOC-1-12;EQU-6;1000000233;1000;true;true
1000000234;Deserunt mollit anim;WORK10;NEO3;3;2023-07-08;2023-07-21;01:59:12;01:59:12;FUNC-LOC-1-10;EQU-5;;1946;false;false
1000000235;Do eiusmod tempor;WORK13;NEO1;3;2023-07-08;2023-07-09;15:59:12;05:59:12;FUNC-LOC-1;EQU-2;;3683;false;true
1000000236;Nsectetur adipiscing elit;WORK14;NEO1;2;2023-07-03;2023-08-01;22:59:12;01:59:12;FUNC-LOC-1-10;EQU-11;1000000236;2994;false;false
1000000237;Ut aliquip ex;WORK14;NEO2;1;2023-07-07;2023-08-03;13:59:12;03:59:12;FUNC-LOC-2;EQU-4;1000000237;3683;true;true
1000000238;Ullamco laboris nisi;WORK2;NEO2;3;2023-07-17;2023-07-18;19:59:12;07:59:12;FUNC-LOC-1-14;EQU-14;;1689;true;true
1000000239;Velit esse cillum;WORK6;NEO1;1;2023-07-05;2023-07-20;19:59:12;22:59:12;FUNC-LOC-1-10;EQU-12;1000000239;2745;false;false
1000000240;Sit amet co;WORK10;NEO2;1;2023-07-24;2023-08-04;17:59:12;23:59:12;FUNC-LOC-1;EQU-4;1000000240;1000;true;false
1000000241;Tempor incididunt ut;WORK13;NEO2;3;2023-07-01;2023-07-10;06:59:12;22:59:12;FUNC-LOC-1-10;EQU-1;;2994;false;false
1000000242;Nostrud exercitation ullamco;WORK14;NEO1;2;2023-07-16;2023-08-12;23:59:12;14:59:12;FUNC-LOC-1-12;EQU-6;;3052;false;false
1000000243;Elit sed do;WORK3;NEO2;1;2023-07-25;2023-08-02;04:59:12;16:59:12;FUNC-LOC-1-14;EQU-3;1000000243;1689;true;true
1000000244;Incididunt ut labore;WORK7;NEO1;1;2023-07-02;2023-07-28;04:59:12;15:59:12;FUNC-LOC-1-10;EQU-7;1000000244;1946;true;true
1000000245;Dolor in reprehenderit;WORK11;NEO2;2;2023-07-09;2023-07-31;08:59:12;04:59:12;FUNC-LOC-2;EQU-9;;2000;true;false
1000000246;Pariatur Excepteur sint;WORK10;NEO3;1;2023-07-25;2023-07-26;19:59:12;13:59:12;FUNC-LOC-1-12;EQU-5;;3683;false;false
1000000247;In voluptate velit;WORK11;NEO2;2;2023-07-12;2023-08-05;11:59:12;11:59:12;FUNC-LOC-1-14;EQU-13;;2745;true;true
1000000248;Mollit anim id;WORK5;NEO1;3;2023-07-16;2023-08-04;10:59:12;08:59:12;FUNC-LOC-1-10;EQU-4;1000000248;1000;false;true
1000000249;Adipiscing elit sed;WORK8;NEO2;1;2023-07-20;2023-08-06;06:59:12;12:59:12;FUNC-LOC-1;EQU-12;;2994;true;false
1000000250;Ullamco laboris nisi;WORK8;NEO3;3;2023-07-22;2023-08-05;20:59:12;09:59:12;FUNC-LOC-1;EQU-5;;1946;true;false
1000000251;Deserunt mollit anim;WORK10;NEO1;1;2023-07-15;2023-07-16;12:59:12;13:59:12;FUNC-LOC-1-14;EQU-10;1000000251;3683;false;false
1000000252;Nostrud exercitation ullamco;WORK4;NEO1;1;2023-07-09;2023-07-17;04:59:12;17:59:12;FUNC-LOC-1-12;EQU-9;;3052;false;false
1000000253;Enim ad minim;WORK13;NEO2;2;2023-07-24;2023-08-12;06:59:12;03:59:12;FUNC-LOC-1;EQU-1;;1689;false;false
1000000254;Proident sunt in;WORK13;NEO2;3;2023-07-02;2023-07-22;17:59:12;20:59:12;FUNC-LOC-1-10;EQU-10;;2745;false;true
1000000255;Et dolore magna;WORK10;NEO1;3;2023-07-04;2023-07-26;11:59:12;18:59:12;FUNC-LOC-1;EQU-2;1000000255;2000;true;true
1000000256;Sunt in culpa;WORK6;NEO3;1;2023-06-30;2023-07-20;11:59:12;05:59:12;FUNC-LOC-2;EQU-8;1000000256;2000;false;false
1000000257;Anim id est;WORK6;NEO1;2;2023-07-23;2023-07-23;20:59:12;20:59:12;FUNC-LOC-1-10;EQU-6;1000000257;2745;false;true
1000000258;In reprehenderit in;WORK4;NEO1;2;2023-07-11;2023-08-01;21:59:12;20:59:12;FUNC-LOC-2;EQU-5;1000000258;3052;true;true
1000000259;Cillum dolore eu;WORK10;NEO3;1;2023-07-11;2023-07-29;12:59:12;02:59:12;FUNC-LOC-1;EQU-14;1000000259;1689;false;false
1000000260;Laboris nisi ut;WORK1;NEO2;3;2023-07-11;2023-07-22;06:59:12;23:59:12;FUNC-LOC-1;EQU-1;;1946;false;false
1000000261;Reprehenderit in voluptate;WORK12;NEO2;2;2023-07-08;2023-07-26;04:59:12;10:59:12;FUNC-LOC-1-10;EQU-4;;2745;false;false
1000000262;Nsectetur adipiscing elit;WORK8;NEO3;3;2023-07-11;2023-08-06;09:59:12;14:59:12;FUNC-LOC-1-14;EQU-5;1000000262;2994;true;false
1000000263;Dolor in reprehenderit;WORK7;NEO3;1;2023-07-20;2023-08-08;12:59:12;19:59:12;FUNC-LOC-1-10;EQU-7;;3052;false;false
1000000264;Cupidatat non proident;WORK2;NEO1;1;2023-07-01;2023-07-23;18:59:12;05:59:12;FUNC-LOC-2;EQU-7;;2994;false;true
1000000265;Proident sunt in;WORK8;NEO2;2;2023-07-19;2023-08-12;07:59:12;17:59:12;FUNC-LOC-1-10;EQU-4;1000000265;3683;true;false
1000000266;Eiusmod tempor incididunt;WORK9;NEO1;3;2023-06-28;2023-07-01;14:59:12;03:59:12;FUNC-LOC-2;EQU-1;1000000266;1234;false;true
1000000267;Exercitation ullamco laboris;WORK10;NEO3;1;2023-07-04;2023-07-14;23:59:12;00:59:12;FUNC-LOC-2;EQU-2;1000000267;2745;true;true
1000000268;Amet co nsectetur;WORK14;NEO2;2;2023-07-23;2023-08-19;06:59:12;09:59:12;FUNC-LOC-1;EQU-11;;1946;false;false
1000000269;Dolore magna aliqua;WORK8;NEO1;2;2023-07-10;2023-07-28;22:59:12;11:59:12;FUNC-LOC-1-12;EQU-4;;2994;false;true
1000000270;Esse cillum dolore;WORK11;NEO2;3;2023-07-22;2023-07-22;07:59:12;03:59:12;FUNC-LOC-2;EQU-4;1000000270;2994;true;true
1000000271;Ea commodo consequat;WORK3;NEO1;2;2023-07-16;2023-07-26;23:59:12;04:59:12;FUNC-LOC-1-12;EQU-14;1000000271;2000;false;false
1000000272;Officia deserunt mollit;WORK6;NEO3;1;2023-07-01;2023-07-18;17:59:12;21:59:12;FUNC-LOC-2;EQU-7;1000000272;3052;false;true
1000000273;Et dolore magna;WORK13;NEO2;2;2023-07-24;2023-08-10;17:59:12;14:59:12;FUNC-LOC-1-14;EQU-5;1000000273;3052;false;true
1000000274;Laboris nisi ut;WORK10;NEO3;1;2023-07-10;2023-07-30;16:59:12;04:59:12;FUNC-LOC-2;EQU-4;;2745;true;true
1000000275;Excepteur sint occaecat;WORK2;NEO1;3;2023-07-20;2023-07-25;20:59:12;19:59:12;FUNC-LOC-1;EQU-14;;1689;false;true
1000000276;Pariatur Excepteur sint;WORK9;NEO3;3;2023-07-06;2023-07-15;03:59:12;19:59:12;FUNC-LOC-1-14;EQU-4;1000000276;1000;false;false
1000000277;Dolor in reprehenderit;WORK3;NEO2;2;2023-07-05;2023-07-13;07:59:12;10:59:12;FUNC-LOC-1-14;EQU-1;;1689;true;false
1000000278;Culpa qui officia;WORK10;NEO2;3;2023-07-27;2023-08-24;08:59:12;16:59:12;FUNC-LOC-2;EQU-5;1000000278;2000;true;false
1000000279;Excepteur sint occaecat;WORK13;NEO1;3;2023-07-09;2023-07-16;11:59:12;07:59:12;FUNC-LOC-1;EQU-4;;2994;true;false
1000000280;Eiusmod tempor incididunt;WORK13;NEO2;1;2023-07-24;2023-07-28;00:59:12;08:59:12;FUNC-LOC-2;EQU-2;1000000280;2994;false;true
1000000281;Voluptate velit esse;WORK3;NEO3;1;2023-07-11;2023-07-26;09:59:12;14:59:12;FUNC-LOC-1-12;EQU-8;;2994;true;true
1000000282;Nisi ut aliquip;WORK1;NEO1;3;2023-07-23;2023-07-29;10:59:12;15:59:12;FUNC-LOC-1-12;EQU-4;1000000282;2000;false;true
1000000283;Quis nostrud exercitation;WORK6;NEO3;1;2023-07-21;2023-08-19;07:59:12;02:59:12;FUNC-LOC-1-12;EQU-11;;2745;true;false
1000000284;Amet co nsectetur;WORK5;NEO3;3;2023-07-18;2023-07-18;09:59:12;13:59:12;FUNC-LOC-1-14;EQU-10;1000000284;1689;false;false
1000000285;Et dolore magna;WORK10;NEO2;1;2023-07-01;2023-07-02;16:59:12;15:59:12;FUNC-LOC-1;EQU-7;;2745;false;false
1000000286;Incididunt ut labore;WORK6;NEO3;1;2023-07-16;2023-07-26;04:59:12;10:59:12;FUNC-LOC-1;EQU-6;;1689;true;false
1000000287;Dolor in reprehenderit;WORK5;NEO3;2;2023-07-21;2023-08-08;18:59:12;04:59:12;FUNC-LOC-1-10;EQU-1;;2745;true;true
1000000288;In reprehenderit in;WORK4;NEO2;1;2023-07-22;2023-08-12;23:59:12;12:59:12;FUNC-LOC-2;EQU-7;;2000;true;false
1000000289;Do eiusmod tempor;WORK10;NEO3;2;2023-07-24;2023-08-05;19:59:12;17:59:12;FUNC-LOC-1;EQU-8;;3683;false;true
1000000290;Enim ad minim;WORK4;NEO2;2;2023-07-21;2023-07-26;08:59:12;19:59:12;FUNC-LOC-2;EQU-8;;2000;false;false
1000000291;Aliqua Ut enim;WORK8;NEO1;3;2023-07-01;2023-07-04;00:59:12;13:59:12;FUNC-LOC-1-12;EQU-6;1000000291;2745;true;false
1000000292;Aliqua Ut enim;WORK10;NEO1;3;2023-07-24;2023-08-05;13:59:12;17:59:12;FUNC-LOC-1-14;EQU-5;;1946;true;false
1000000293;Ut aliquip ex;WORK9;NEO3;1;2023-07-04;2023-07-10;00:59:12;02:59:12;FUNC-LOC-1-10;EQU-3;1000000293;1000;false;true
1000000294;Eu fugiat nulla;WORK6;NEO3;2;2023-07-02;2023-07-03;18:59:12;00:59:12;FUNC-LOC-1-14;EQU-13;1000000294;2000;true;true
1000000295;Fugiat nulla pariatur;WORK10;NEO2;2;2023-07-01;2023-07-17;19:59:12;05:59:12;FUNC-LOC-1-12;EQU-13;1000000295;3052;false;false
1000000296;Qui officia deserunt;WORK2;NEO3;3;2023-07-17;2023-07-28;00:59:12;02:59:12;FUNC-LOC-1;EQU-8;;1000;false;false
1000000297;In voluptate velit;WORK1;NEO2;1;2023-07-04;2023-07-25;05:59:12;13:59:12;FUNC-LOC-1-10;EQU-9;;2000;false;false
1000000298;Ullamco laboris nisi;WORK4;NEO1;1;2023-06-28;2023-07-23;00:59:12;02:59:12;FUNC-LOC-1-14;EQU-10;1000000298;3052;false;true
1000000299;In reprehenderit in;WORK3;NEO1;1;2023-07-19;2023-08-13;19:59:12;18:59:12;FUNC-LOC-1;EQU-12;1000000299;2000;false;false
1000000300;Culpa qui officia;WORK8;NEO2;2;2023-07-07;2023-07-10;11:59:12;19:59:12;FUNC-LOC-1;EQU-14;1000000300;1689;true;true
1000000301;In voluptate velit;WORK2;NEO1;3;2023-07-16;2023-07-23;14:59:12;14:59:12;FUNC-LOC-1-14;EQU-12;1000000301;2994;false;false
1000000302;Ex ea commodo;WORK13;NEO2;2;2023-07-02;2023-07-05;02:59:12;23:59:12;FUNC-LOC-1-12;EQU-13;1000000302;2745;true;true
1000000303;Ex ea commodo;WORK4;NEO2;3;2023-07-19;2023-07-28;11:59:12;10:59:12;FUNC-LOC-1-12;EQU-5;1000000303;1689;false;true
1000000304;Lorem ipsum dolor;WORK8;NEO2;1;2023-07-23;2023-08-18;16:59:12;02:59:12;FUNC-LOC-1-10;EQU-14;1000000304;1000;true;false
1000000305;Pariatur Excepteur sint;WORK4;NEO1;2;2023-07-17;2023-08-03;21:59:12;14:59:12;FUNC-LOC-1-12;EQU-12;;1946;false;false
1000000306;Qui officia deserunt;WORK3;NEO1;3;2023-07-03;2023-07-26;16:59:12;19:59:12;FUNC-LOC-2;EQU-8;;2994;true;false
1000000307;Magna aliqua Ut;WORK8;NEO3;3;2023-07-14;2023-08-03;12:59:12;09:59:12;FUNC-LOC-2;EQU-9;1000000307;1234;true;true
1000000308;Non proident sunt;WORK13;NEO1;3;2023-07-13;2023-07-20;03:59:12;12:59:12;FUNC-LOC-2;EQU-8;;2994;true;false
1000000309;Proident sunt in;WORK7;NEO2;3;2023-07-16;2023-07-27;14:59:12;20:59:12;FUNC-LOC-1-10;EQU-2;;2000;false;true
1000000310;Qui officia deserunt;WORK14;NEO3;1;2023-07-13;2023-08-02;10:59:12;14:59:12;FUNC-LOC-1-12;EQU-14;1000000310;1234;true;true
1000000311;Aute irure dolor;WORK5;NEO1;3;2023-07-14;2023-08-01;00:59:12;06:59:12;FUNC-LOC-1-14;EQU-14;;1000;false;true
1000000312;Culpa qui officia;WORK11;NEO3;2;2023-06-29;2023-07-02;17:59:12;23:59:12;FUNC-LOC-1-14;EQU-2;;2745;false;false
1000000313;Sed do eiusmod;WORK1;NEO3;2;2023-07-09;2023-07-20;10:59:12;19:59:12;FUNC-LOC-1;EQU-14;1000000313;2994;true;false
1000000314;Commodo consequat Duis;WORK13;NEO2;3;2023-06-28;2023-07-05;07:59:12;10:59:12;FUNC-LOC-1-10;EQU-2;;1689;false;true
1000000315;Ut enim ad;WORK4;NEO3;1;2023-07-21;2023-07-27;15:59:12;18:59:12;FUNC-LOC-1;EQU-14;1000000315;3683;true;true
1000000316;Pariatur Excepteur sint;WORK12;NEO1;1;2023-06-28;2023-07-08;14:59:12;22:59:12;FUNC-LOC-1-12;EQU-3;;1234;false;false
1000000317;Co nsectetur adipiscing;WORK12;NEO1;2;2023-07-18;2023-08-15;00:59:12;11:59:12;FUNC-LOC-1-10;EQU-8;;3683;false;false
1000000318;Reprehenderit in voluptate;WORK7;NEO1;1;2023-07-19;2023-07-26;14:59:12;15:59:12;FUNC-LOC-1-10;EQU-3;1000000318;1000;false;true
1000000319;Qui officia deserunt;WORK4;NEO2;1;2023-07-12;2023-08-07;20:59:12;21:59:12;FUNC-LOC-1-14;EQU-13;;2000;false;true
1000000320;Sit amet co;WORK1;NEO1;2;2023-06-30;2023-07-06;13:59:12;08:59:12;FUNC-LOC-1-12;EQU-13;1000000320;2994;true;true
1000000321;Deserunt mollit anim;WORK3;NEO3;2;2023-07-11;2023-07-11;02:59:12;17:59:12;FUNC-LOC-1-12;EQU-2;1000000321;1946;true;true
1000000322;Veniam quis nostrud;WORK7;NEO2;3;2023-07-13;2023-08-10;12:59:12;23:59:12;FUNC-LOC-1-12;EQU-4;;3683;true;true
1000000323;Cupidatat non proident;WORK1;NEO3;2;2023-07-19;2023-08-09;19:59:12;07:59:12;FUNC-LOC-1-14;EQU-1;1000000323;1946;false;true
1000000324;Ipsum dolor sit;WORK2;NEO3;3;2023-07-05;2023-07-16;17:59:12;04:59:12;FUNC-LOC-1-10;EQU-10;1000000324;1689;false;true
1000000325;In culpa qui;WORK3;NEO1;2;2023-07-15;2023-07-16;07:59:12;01:59:12;FUNC-LOC-1-10;EQU-13;;3052;false;false
1000000326;Sunt in culpa;WORK11;NEO1;3;2023-07-05;2023-08-01;12:59:12;03:59:12;FUNC-LOC-2;EQU-11;1000000326;2000;true;true
1000000327;Ipsum dolor sit;WORK3;NEO2;1;2023-07-20;2023-08-18;09:59:12;04:59:12;FUNC-LOC-2;EQU-2;1000000327;1000;false;true
1000000328;Et dolore magna;WORK7;NEO3;1;2023-07-21;2023-08-02;13:59:12;02:59:12;FUNC-LOC-1;EQU-4;1000000328;2000;false;true
1000000329;Ut aliquip ex;WORK12;NEO1;1;2023-07-14;2023-08-05;11:59:12;00:59:12;FUNC-LOC-1-12;EQU-4;;2994;false;false
1000000330;Exercitation ullamco laboris;WORK8;NEO1;1;2023-07-25;2023-07-30;09:59:12;05:59:12;FUNC-LOC-2;EQU-4;1000000330;2994;false;false
1000000331;Ex ea commodo;WORK11;NEO3;2;2023-07-03;2023-07-12;20:59:12;01:59:12;FUNC-LOC-1-14;EQU-13;;1000;true;false
1000000332;In reprehenderit in;WORK6;NEO3;3;2023-07-21;2023-08-06;18:59:12;11:59:12;FUNC-LOC-1-12;EQU-14;;2745;true;false
1000000333;Qui officia deserunt;WORK9;NEO2;3;2023-07-27;2023-08-08;05:59:12;07:59:12;FUNC-LOC-1-14;EQU-1;1000000333;1234;false;true
1000000334;Non proident sunt;WORK1;NEO3;1;2023-06-28;2023-07-07;16:59:12;20:59:12;FUNC-LOC-1;EQU-8;1000000334;3683;true;false
1000000335;Sed do eiusmod;WORK2;NEO2;3;2023-07-06;2023-07-19;15:59:12;13:59:12;FUNC-LOC-1-14;EQU-11;1000000335;2745;true;false
1000000336;Lorem ipsum dolor;WORK7;NEO2;3;2023-07-08;2023-07-31;20:59:12;12:59:12;FUNC-LOC-1-10;EQU-8;;2000;true;false
1000000337;Officia deserunt mollit;WORK5;NEO2;1;2023-07-21;2023-08-12;04:59:12;02:59:12;FUNC-LOC-1-10;EQU-5;1000000337;3052;false;false
1000000338;In culpa qui;WORK4;NEO1;1;2023-07-27;2023-08-21;13:59:12;03:59:12;FUNC-LOC-1-10;EQU-9;;1689;false;true
1000000339;Enim ad minim;WORK4;NEO1;1;2023-07-12;2023-08-08;22:59:12;07:59:12;FUNC-LOC-1-10;EQU-6;;3052;false;true
1000000340;Quis nostrud exercitation;WORK11;NEO2;2;2023-07-26;2023-08-24;12:59:12;00:59:12;FUNC-LOC-2;EQU-6;;3683;false;false
1000000341;Ut enim ad;WORK2;NEO2;2;2023-07-02;2023-07-09;03:59:12;10:59:12;FUNC-LOC-1-12;EQU-13;;1000;false;true
1000000342;Fugiat nulla pariatur;WORK7;NEO2;2;2023-07-26;2023-08-12;07:59:12;19:59:12;FUNC-LOC-1;EQU-5;;1000;true;true
1000000343;Voluptate velit esse;WORK13;NEO2;1;2023-07-02;2023-07-02;10:59:12;01:59:12;FUNC-LOC-1-14;EQU-11;1000000343;1234;true;false
1000000344;Sit amet co;WORK10;NEO3;2;2023-07-09;2023-07-18;22:59:12;21:59:12;FUNC-LOC-1-12;EQU-10;;2000;true;false
1000000345;In culpa qui;WORK11;NEO1;3;2023-07-22;2023-08-11;14:59:12;20:59:12;FUNC-LOC-1-10;EQU-11;1000000345;3683;true;false
1000000346;Ex ea commodo;WORK7;NEO2;2;2023-07-16;2023-07-31;13:59:12;05:59:12;FUNC-LOC-1-10;EQU-1;;2000;false;false
1000000347;Co nsectetur adipiscing;WORK3;NEO3;3;2023-07-27;2023-07-28;13:59:12;16:59:12;FUNC-LOC-1-10;EQU-8;1000000347;2000;true;false
1000000348;Enim ad minim;WORK10;NEO3;2;2023-07-04;2023-07-20;09:59:12;05:59:12;FUNC-LOC-1-14;EQU-10;;2994;false;false
1000000349;Irure dolor in;WORK3;NEO1;1;2023-07-25;2023-07-28;06:59:12;16:59:12;FUNC-LOC-1-10;EQU-8;1000000349;1000;false;true
1000000350;Sed do eiusmod;WORK1;NEO1;3;2023-06-28;2023-07-07;15:59:12;00:59:12;FUNC-LOC-1;EQU-13;;2745;false;true
1000000351;Ut labore et;WORK6;NEO2;1;2023-06-28;2023-07-06;15:59:12;22:59:12;FUNC-LOC-1-14;EQU-8;;1689;true;false
1000000352;Deserunt mollit anim;WORK11;NEO3;2;2023-07-09;2023-07-15;04:59:12;05:59:12;FUNC-LOC-1-12;EQU-6;;2745;false;true
1000000353;Voluptate velit esse;WORK2;NEO3;1;2023-06-30;2023-07-05;00:59:12;02:59:12;FUNC-LOC-1-12;EQU-10;;2000;false;false
1000000354;Quis nostrud exercitation;WORK8;NEO2;1;2023-07-18;2023-07-21;05:59:12;16:59:12;FUNC-LOC-1-10;EQU-11;;2745;true;false
1000000355;Aliqua Ut enim;WORK1;NEO1;2;2023-07-16;2023-07-20;03:59:12;07:59:12;FUNC-LOC-1-12;EQU-7;1000000355;2994;true;false
1000000356;Minim veniam quis;WORK5;NEO3;1;2023-07-05;2023-07-12;13:59:12;20:59:12;FUNC-LOC-1-14;EQU-4;1000000356;3052;false;true
1000000357;Excepteur sint occaecat;WORK3;NEO1;1;2023-07-06;2023-07-07;02:59:12;18:59:12;FUNC-LOC-1;EQU-9;1000000357;3683;false;false
1000000358;Commodo consequat Duis;WORK14;NEO3;3;2023-07-23;2023-07-30;10:59:12;04:59:12;FUNC-LOC-1-10;EQU-14;;1234;true;false
1000000359;Eiusmod tempor incididunt;WORK8;NEO2;1;2023-07-21;2023-08-05;17:59:12;14:59:12;FUNC-LOC-1-12;EQU-13;;3052;false;true
1000000360;Irure dolor in;WORK2;NEO1;2;2023-07-17;2023-07-24;10:59:12;22:59:12;FUNC-LOC-1;EQU-8;;1234;true;false
1000000361;Aute irure dolor;WORK4;NEO1;1;2023-07-04;2023-07-11;16:59:12;12:59:12;FUNC-LOC-1-14;EQU-10;;2000;false;false
1000000362;Co nsectetur adipiscing;WORK9;NEO1;1;2023-07-11;2023-07-21;06:59:12;10:59:12;FUNC-LOC-1-12;EQU-2;;3052;false;true
1000000363;Nulla pariatur Excepteur;WORK5;NEO1;1;2023-07-11;2023-07-21;05:59:12;01:59:12;FUNC-LOC-1-12;EQU-12;;2994;false;false
1000000364;Et dolore magna;WORK9;NEO2;1;2023-07-08;2023-07-25;09:59:12;12:59:12;FUNC-LOC-2;EQU-4;;1689;false;true
1000000365;Lorem ipsum dolor;WORK9;NEO3;1;2023-07-08;2023-07-12;01:59:12;00:59:12;FUNC-LOC-2;EQU-10;;3052;false;false
1000000366;Duis aute irure;WORK5;NEO1;2;2023-07-26;2023-07-27;00:59:12;11:59:12;FUNC-LOC-2;EQU-11;1000000366;2000;false;false
1000000367;Ea commodo consequat;WORK10;NEO1;2;2023-07-08;2023-07-31;05:59:12;10:59:12;FUNC-LOC-1-12;EQU-12;1000000367;1689;true;true
1000000368;Lorem ipsum dolor;WORK5;NEO2;1;2023-06-30;2023-07-20;17:59:12;06:59:12;FUNC-LOC-1-14;EQU-11;1000000368;1689;false;false
1000000369;Nostrud exercitation ullamco;WORK10;NEO1;2;2023-07-06;2023-07-12;07:59:12;13:59:12;FUNC-LOC-1-12;EQU-5;1000000369;1234;false;true
1000000370;Quis nostrud exercitation;WORK10;NEO1;1;2023-06-30;2023-07-27;08:59:12;23:59:12;FUNC-LOC-1-12;EQU-9;1000000370;3683;true;false
1000000371;Elit sed do;WORK9;NEO2;2;2023-07-11;2023-08-02;05:59:12;17:59:12;FUNC-LOC-2;EQU-3;;1000;true;false
1000000372;Consequat Duis aute;WORK7;NEO3;2;2023-07-26;2023-07-30;14:59:12;10:59:12;FUNC-LOC-1;EQU-4;1000000372;1689;true;true
1000000373;Officia deserunt mollit;WORK12;NEO1;2;2023-07-14;2023-07-22;17:59:12;03:59:12;FUNC-LOC-1;EQU-13;1000000373;1000;true;false
1000000374;Ut aliquip ex;WORK14;NEO1;3;2023-07-05;2023-07-08;08:59:12;14:59:12;FUNC-LOC-1-12;EQU-4;;3683;false;false
1000000375;Nsectetur adipiscing elit;WORK2;NEO3;1;2023-06-29;2023-07-06;03:59:12;07:59:12;FUNC-LOC-1-12;EQU-1;;3683;false;false
1000000376;Sed do eiusmod;WORK8;NEO1;3;2023-06-30;2023-07-16;23:59:12;09:59:12;FUNC-LOC-1-12;EQU-3;1000000376;2745;true;false
1000000377;In reprehenderit in;WORK3;NEO1;1;2023-07-08;2023-07-29;05:59:12;04:59:12;FUNC-LOC-1-10;EQU-13;;1234;false;false
1000000378;In reprehenderit in;WORK10;NEO2;3;2023-07-21;2023-07-26;15:59:12;03:59:12;FUNC-LOC-1-12;EQU-12;1000000378;2745;true;false
1000000379;Commodo consequat Duis;WORK2;NEO2;1;2023-07-12;2023-07-17;12:59:12;12:59:12;FUNC-LOC-1-10;EQU-5;;2994;false;false
1000000380;Dolor sit amet;WORK4;NEO1;2;2023-07-04;2023-07-15;14:59:12;07:59:12;FUNC-LOC-2;EQU-12;1000000380;1689;false;true
1000000381;Culpa qui officia;WORK10;NEO1;1;2023-07-27;2023-08-19;13:59:12;01:59:12;FUNC-LOC-1-14;EQU-5;;1946;true;false
1000000382;Culpa qui officia;WORK11;NEO2;1;2023-06-28;2023-07-15;20:59:12;14:59:12;FUNC-LOC-1-12;EQU-14;1000000382;3683;true;false
1000000383;Exercitation ullamco laboris;WORK1;NEO2;2;2023-07-27;2023-08-25;16:59:12;09:59:12;FUNC-LOC-1;EQU-5;1000000383;1234;false;true
1000000384;Non proident sunt;WORK11;NEO3;3;2023-06-30;2023-07-16;02:59:12;20:59:12;FUNC-LOC-2;EQU-11;1000000384;2000;true;false
1000000385;Quis nostrud exercitation;WORK3;NEO2;2;2023-07-05;2023-07-09;18:59:12;16:59:12;FUNC-LOC-1-10;EQU-6;;3052;false;false
1000000386;Dolore magna aliqua;WORK9;NEO1;1;2023-07-16;2023-07-18;13:59:12;19:59:12;FUNC-LOC-1-10;EQU-4;;1000;false;true
1000000387;Incididunt ut labore;WORK1;NEO1;3;2023-07-23;2023-07-28;20:59:12;03:59:12;FUNC-LOC-1-14;EQU-1;1000000387;1689;false;true
1000000388;In culpa qui;WORK9;NEO3;3;2023-07-12;2023-07-12;06:59:12;07:59:12;FUNC-LOC-1-14;EQU-14;1000000388;3683;false;false
1000000389;Esse cillum dolore;WORK4;NEO3;3;2023-07-20;2023-07-31;03:59:12;12:59:12;FUNC-LOC-1-12;EQU-1;1000000389;2000;true;true
1000000390;Aliquip ex ea;WORK13;NEO3;2;2023-07-14;2023-08-05;19:59:12;19:59:12;FUNC-LOC-1;EQU-10;;3683;true;true
1000000391;Reprehenderit in voluptate;WORK6;NEO3;3;2023-06-28;2023-07-26;18:59:12;03:59:12;FUNC-LOC-1-10;EQU-11;;1946;true;false
1000000392;Qui officia deserunt;WORK10;NEO1;3;2023-07-13;2023-08-04;09:59:12;00:59:12;FUNC-LOC-1-10;EQU-7;;2994;true;true
1000000393;Sed do eiusmod;WORK2;NEO3;1;2023-07-24;2023-07-26;21:59:12;20:59:12;FUNC-LOC-1;EQU-2;1000000393;2745;true;false
1000000394;Amet co nsectetur;WORK11;NEO3;3;2023-07-07;2023-07-14;15:59:12;15:59:12;FUNC-LOC-1-14;EQU-8;;2745;false;false
1000000395;Sint occaecat cupidatat;WORK8;NEO3;2;2023-07-12;2023-07-23;09:59:12;07:59:12;FUNC-LOC-1;EQU-1;1000000395;1946;true;false
1000000396;In voluptate velit;WORK6;NEO1;3;2023-06-30;2023-07-23;12:59:12;11:59:12;FUNC-LOC-1-12;EQU-6;;1946;false;true
1000000397;Ullamco laboris nisi;WORK6;NEO3;2;2023-06-29;2023-07-11;14:59:12;07:59:12;FUNC-LOC-1-14;EQU-4;1000000397;3052;true;true
1000000398;Voluptate velit esse;WORK10;NEO2;3;2023-07-17;2023-07-28;07:59:12;06:59:12;FUNC-LOC-1-10;EQU-12;;2000;true;true
1000000399;Eiusmod tempor incididunt;WORK7;NEO3;1;2023-07-21;2023-08-12;20:59:12;14:59:12;FUNC-LOC-1-12;EQU-6;;2994;false;true
1000000400;In reprehenderit in;WORK11;NEO1;2;2023-07-05;2023-07-29;14:59:12;12:59:12;FUNC-LOC-1;EQU-14;1000000400;2000;true;false
1000000401;Esse cillum dolore;WORK14;NEO2;1;2023-07-08;2023-07-23;23:59:12;06:59:12;FUNC-LOC-1-10;EQU-1;1000000401;1946;false;false
1000000402;Et dolore magna;WORK12;NEO2;3;2023-07-16;2023-07-16;07:59:12;10:59:12;FUNC-LOC-1-12;EQU-1;;2745;false;true
1000000403;Cupidatat non proident;WORK7;NEO2;2;2023-07-01;2023-07-26;09:59:12;06:59:12;FUNC-LOC-1;EQU-9;1000000403;2745;false;true
1000000404;Nostrud exercitation ullamco;WORK8;NEO1;2;2023-06-28;2023-07-02;09:59:12;23:59:12;FUNC-LOC-1;EQU-12;1000000404;3052;true;true
1000000405;Et dolore magna;WORK7;NEO1;2;2023-07-27;2023-08-03;05:59:12;20:59:12;FUNC-LOC-1;EQU-12;1000000405;2000;false;true
1000000406;Amet co nsectetur;WORK4;NEO2;3;2023-07-20;2023-08-04;00:59:12;16:59:12;FUNC-LOC-1;EQU-6;1000000406;3052;false;false
1000000407;Pariatur Excepteur sint;WORK9;NEO3;2;2023-07-14;2023-07-24;06:59:12;09:59:12;FUNC-LOC-1-14;EQU-4;;3052;true;true
1000000408;Cupidatat non proident;WORK11;NEO1;2;2023-07-01;2023-07-22;22:59:12;18:59:12;FUNC-LOC-1;EQU-1;;3052;true;false
1000000409;Irure dolor in;WORK13;NEO1;1;2023-07-24;2023-07-27;07:59:12;15:59:12;FUNC-LOC-1;EQU-10;1000000409;2000;false;true
1000000410;Nisi ut aliquip;WORK6;NEO3;2;2023-07-07;2023-08-03;13:59:12;15:59:12;FUNC-LOC-1-14;EQU-9;1000000410;1946;false;false
1000000411;Incididunt ut labore;WORK2;NEO1;2;2023-07-21;2023-07-30;18:59:12;12:59:12;FUNC-LOC-1;EQU-11;1000000411;1689;false;true
1000000412;Aliquip ex ea;WORK10;NEO2;2;2023-07-11;2023-08-02;09:59:12;09:59:12;FUNC-LOC-1;EQU-5;;1000;false;true
1000000413;In culpa qui;WORK8;NEO1;3;2023-07-19;2023-08-17;13:59:12;02:59:12;FUNC-LOC-1-10;EQU-11;1000000413;1946;false;false
1000000414;Amet co nsectetur;WORK13;NEO3;3;2023-07-11;2023-07-17;00:59:12;23:59:12;FUNC-LOC-1;EQU-8;1000000414;3683;false;true
1000000415;Cupidatat non proident;WORK9;NEO1;1;2023-07-03;2023-07-10;12:59:12;03:59:12;FUNC-LOC-1-14;EQU-3;;2745;true;true
1000000416;Irure dolor in;WORK4;NEO2;2;2023-07-05;2023-07-14;06:59:12;22:59:12;FUNC-LOC-1;EQU-9;;1946;true;true
1000000417;Proident sunt in;WORK9;NEO2;1;2023-06-28;2023-07-17;20:59:12;08:59:12;FUNC-LOC-1-12;EQU-5;1000000417;3683;false;false
1000000418;Voluptate velit esse;WORK1;NEO2;2;2023-07-17;2023-08-09;10:59:12;03:59:12;FUNC-LOC-2;EQU-1;;2745;false;false
1000000419;Fugiat nulla pariatur;WORK9;NEO2;2;2023-07-17;2023-08-14;05:59:12;02:59:12;FUNC-LOC-2;EQU-11;;2745;true;false
1000000420;Cillum dolore eu;WORK9;NEO3;1;2023-07-01;2023-07-15;22:59:12;09:59:12;FUNC-LOC-2;EQU-5;1000000420;1000;false;false
1000000421;Nulla pariatur Excepteur;WORK5;NEO1;1;2023-07-12;2023-07-24;16:59:12;07:59:12;FUNC-LOC-1-10;EQU-14;1000000421;3052;true;false
1000000422;Adipiscing elit sed;WORK12;NEO1;1;2023-07-27;2023-08-20;15:59:12;06:59:12;FUNC-LOC-1;EQU-5;1000000422;2994;true;true
1000000423;Mollit anim id;WORK12;NEO2;1;2023-07-27;2023-08-15;17:59:12;18:59:12;FUNC-LOC-1-12;EQU-7;1000000423;1000;true;true
1000000424;Nsectetur adipiscing elit;WORK6;NEO1;2;2023-07-10;2023-08-05;20:59:12;22:59:12;FUNC-LOC-1;EQU-10;;3052;false;false
1000000425;Ut enim ad;WORK13;NEO3;3;2023-07-01;2023-07-30;08:59:12;17:59:12;FUNC-LOC-1-12;EQU-9;;1689;true;false
1000000426;Co nsectetur adipiscing;WORK10;NEO3;2;2023-07-17;2023-08-12;17:59:12;22:59:12;FUNC-LOC-1;EQU-4;1000000426;1946;false;true
1000000427;Pariatur Excepteur sint;WORK7;NEO3;1;2023-07-02;2023-07-23;14:59:12;23:59:12;FUNC-LOC-1-12;EQU-11;1000000427;1689;true;true
1000000428;Enim ad minim;WORK4;NEO3;2;2023-07-10;2023-07-31;01:59:12;14:59:12;FUNC-LOC-2;EQU-8;1000000428;3052;false;false
1000000429;Aliqua Ut enim;WORK13;NEO2;3;2023-07-14;2023-07-23;14:59:12;16:59:12;FUNC-LOC-1-10;EQU-10;1000000429;3683;true;false
1000000430;Voluptate velit esse;WORK10;NEO3;3;2023-07-05;2023-07-14;19:59:12;02:59:12;FUNC-LOC-1-12;EQU-9;;1234;true;true
1000000431;Ullamco laboris nisi;WORK1;NEO1;1;2023-07-25;2023-08-13;05:59:12;11:59:12;FUNC-LOC-1-14;EQU-1;;3683;false;true
1000000432;Sunt in culpa;WORK7;NEO2;3;2023-07-03;2023-07-14;17:59:12;11:59:12;FUNC-LOC-1-10;EQU-12;1000000432;2994;true;true
1000000433;Ad minim veniam;WORK1;NEO2;3;2023-07-19;2023-07-30;15:59:12;13:59:12;FUNC-LOC-1-12;EQU-4;;1000;false;false
1000000434;Enim ad minim;WORK14;NEO1;2;2023-07-14;2023-07-23;21:59:12;20:59:12;FUNC-LOC-1;EQU-1;1000000434;2994;false;false
1000000435;Aliquip ex ea;WORK11;NEO2;1;2023-07-18;2023-07-23;00:59:12;08:59:12;FUNC-LOC-1;EQU-4;1000000435;3683;true;true
1000000436;In culpa qui;WORK13;NEO2;3;2023-07-10;2023-07-29;05:59:12;18:59:12;FUNC-LOC-1-14;EQU-12;;1234;true;true
1000000437;Magna aliqua Ut;WORK7;NEO1;1;2023-07-10;2023-07-15;08:59:12;00:59:12;FUNC-LOC-1;EQU-12;;2745;true;false
1000000438;Non proident sunt;WORK1;NEO1;3;2023-07-16;2023-08-02;09:59:12;15:59:12;FUNC-LOC-1-10;EQU-2;;2000;true;false
1000000439;Reprehenderit in voluptate;WORK3;NEO3;1;2023-06-30;2023-07-14;08:59:12;09:59:12;FUNC-LOC-1;EQU-1;;1946;true;true
1000000440;Sint occaecat cupidatat;WORK3;NEO1;1;2023-06-30;2023-07-24;18:59:12;21:59:12;FUNC-LOC-1;EQU-7;1000000440;3052;true;false
1000000441;Cupidatat non proident;WORK12;NEO3;2;2023-07-04;2023-07-11;18:59:12;14:59:12;FUNC-LOC-1-10;EQU-2;;1946;true;true
1000000442;Sint occaecat cupidatat;WORK12;NEO2;2;2023-07-06;2023-07-07;10:59:12;14:59:12;FUNC-LOC-2;EQU-14;1000000442;1946;false;true
1000000443;Laboris nisi ut;WORK6;NEO2;3;2023-06-28;2023-07-25;15:59:12;11:59:12;FUNC-LOC-1-10;EQU-3;;1946;false;true
1000000444;Ut labore et;WORK10;NEO1;3;2023-06-28;2023-07-03;16:59:12;01:59:12;FUNC-LOC-1-12;EQU-13;1000000444;1946;false;true
1000000445;Cillum dolore eu;WORK11;NEO1;2;2023-07-19;2023-07-25;16:59:12;02:59:12;FUNC-LOC-1-10;EQU-1;1000000445;3052;true;false
1000000446;Ea commodo consequat;WORK14;NEO1;3;2023-07-17;2023-08-03;19:59:12;17:59:12;FUNC-LOC-1;EQU-9;;1946;true;true
1000000447;Duis aute irure;WORK4;NEO2;1;2023-07-14;2023-07-15;20:59:12;04:59:12;FUNC-LOC-2;EQU-12;1000000447;2745;true;true
1000000448;Reprehenderit in voluptate;WORK11;NEO1;3;2023-07-04;2023-07-24;11:59:12;01:59:12;FUNC-LOC-1;EQU-1;1000000448;2745;true;false
1000000449;Cupidatat non proident;WORK6;NEO1;2;2023-07-20;2023-08-01;06:59:12;08:59:12;FUNC-LOC-2;EQU-11;1000000449;2000;true;true
1000000450;Quis nostrud exercitation;WORK13;NEO3;3;2023-07-03;2023-07-20;14:59:12;14:59:12;FUNC-LOC-1-14;EQU-2;;3683;true;true
1000000451;Fugiat nulla pariatur;WORK11;NEO2;2;2023-07-25;2023-08-20;22:59:12;13:59:12;FUNC-LOC-1-12;EQU-14;;2745;false;true
1000000452;Ullamco laboris nisi;WORK9;NEO2;1;2023-07-18;2023-08-06;08:59:12;14:59:12;FUNC-LOC-1-14;EQU-11;1000000452;2000;false;false
1000000453;Cupidatat non proident;WORK9;NEO2;1;2023-06-28;2023-07-19;18:59:12;06:59:12;FUNC-LOC-1;EQU-8;;2994;true;false
1000000454;In reprehenderit in;WORK14;NEO3;3;2023-07-02;2023-07-14;05:59:12;19:59:12;FUNC-LOC-1;EQU-2;;2745;true;false
1000000455;Dolor in reprehenderit;WORK11;NEO3;1;2023-07-10;2023-07-25;14:59:12;17:59:12;FUNC-LOC-1-14;EQU-8;1000000455;2745;false;true
1000000456;Amet co nsectetur;WORK13;NEO2;3;2023-07-05;2023-07-22;13:59:12;12:59:12;FUNC-LOC-1;EQU-4;1000000456;3683;false;true
1000000457;Ullamco laboris nisi;WORK7;NEO2;1;2023-07-21;2023-07-23;13:59:12;05:59:12;FUNC-LOC-1;EQU-12;1000000457;2745;false;true
1000000458;Ullamco laboris nisi;WORK11;NEO2;2;2023-07-27;2023-08-15;09:59:12;04:59:12;FUNC-LOC-2;EQU-2;;2000;false;true
1000000459;Eiusmod tempor incididunt;WORK11;NEO3;3;2023-07-15;2023-07-21;23:59:12;05:59:12;FUNC-LOC-1-12;EQU-2;;1946;true;false
1000000460;Mollit anim id;WORK6;NEO3;1;2023-07-05;2023-07-08;17:59:12;21:59:12;FUNC-LOC-1-12;EQU-11;1000000460;1946;true;true
1000000461;Laboris nisi ut;WORK9;NEO1;2;2023-07-21;2023-07-27;01:59:12;20:59:12;FUNC-LOC-1-14;EQU-11;;2745;false;true
1000000462;Eu fugiat nulla;WORK7;NEO2;2;2023-07-20;2023-08-13;03:59:12;18:59:12;FUNC-LOC-1-10;EQU-2;1000000462;1000;false;false
1000000463;Dolore eu fugiat;WORK3;NEO3;1;2023-07-13;2023-07-16;12:59:12;10:59:12;FUNC-LOC-2;EQU-14;1000000463;2745;true;true
1000000464;Do eiusmod tempor;WORK9;NEO3;1;2023-07-12;2023-08-07;09:59:12;23:59:12;FUNC-LOC-1;EQU-3;1000000464;2000;true;true
1000000465;Ut enim ad;WORK13;NEO1;2;2023-07-02;2023-07-28;21:59:12;04:59:12;FUNC-LOC-1;EQU-14;;1234;false;false
1000000466;Co nsectetur adipiscing;WORK1;NEO3;3;2023-07-16;2023-07-25;18:59:12;10:59:12;FUNC-LOC-1-14;EQU-13;;1234;false;true
1000000467;Magna aliqua Ut;WORK2;NEO3;1;2023-07-03;2023-07-05;01:59:12;06:59:12;FUNC-LOC-1-12;EQU-5;;2000;true;false
1000000468;Eiusmod tempor incididunt;WORK7;NEO2;2;2023-06-29;2023-07-16;22:59:12;12:59:12;FUNC-LOC-1-12;EQU-8;;2000;true;true
1000000469;Occaecat cupidatat non;WORK13;NEO2;1;2023-07-23;2023-08-16;09:59:12;05:59:12;FUNC-LOC-1;EQU-10;1000000469;2745;true;false
1000000470;Eiusmod tempor incididunt;WORK6;NEO3;2;2023-07-10;2023-07-13;14:59:12;05:59:12;FUNC-LOC-1-14;EQU-8;1000000470;1000;false;true
1000000471;Ullamco laboris nisi;WORK10;NEO1;1;2023-06-30;2023-07-25;01:59:12;18:59:12;FUNC-LOC-1-10;EQU-4;1000000471;2745;true;false
1000000472;Nsectetur adipiscing elit;WORK4;NEO3;1;2023-07-17;2023-07-30;14:59:12;18:59:12;FUNC-LOC-1-10;EQU-10;;3052;false;false
1000000473;Veniam quis nostrud;WORK1;NEO2;2;2023-07-06;2023-08-01;08:59:12;16:59:12;FUNC-LOC-2;EQU-6;1000000473;2745;true;false
1000000474;Co nsectetur adipiscing;WORK11;NEO1;3;2023-07-21;2023-08-06;14:59:12;19:59:12;FUNC-LOC-1;EQU-1;;2000;false;false
1000000475;Cillum dolore eu;WORK14;NEO2;1;2023-07-18;2023-08-03;16:59:12;21:59:12;FUNC-LOC-1-14;EQU-1;;2000;true;false
1000000476;Labore et dolore;WORK6;NEO1;3;2023-07-18;2023-07-19;16:59:12;11:59:12;FUNC-LOC-2;EQU-2;1000000476;1689;false;true
1000000477;Ad minim veniam;WORK5;NEO2;2;2023-07-21;2023-08-15;00:59:12;17:59:12;FUNC-LOC-1;EQU-12;1000000477;2000;false;false
1000000478;Eu fugiat nulla;WORK14;NEO1;1;2023-07-13;2023-08-04;01:59:12;18:59:12;FUNC-LOC-1-10;EQU-3;;3683;true;true
1000000479;Sint occaecat cupidatat;WORK11;NEO1;2;2023-07-14;2023-07-30;12:59:12;22:59:12;FUNC-LOC-1-10;EQU-1;;1000;true;false
1000000480;Eu fugiat nulla;WORK13;NEO3;3;2023-07-07;2023-07-17;20:59:12;15:59:12;FUNC-LOC-1;EQU-13;;1946;false;false
1000000481;Qui officia deserunt;WORK8;NEO2;1;2023-06-28;2023-07-01;15:59:12;07:59:12;FUNC-LOC-1-14;EQU-13;;3683;false;true
1000000482;Co nsectetur adipiscing;WORK4;NEO3;2;2023-06-28;2023-07-15;00:59:12;18:59:12;FUNC-LOC-1-10;EQU-3;1000000482;1946;true;false
1000000483;Consequat Duis aute;WORK11;NEO3;3;2023-07-04;2023-07-15;22:59:12;13:59:12;FUNC-LOC-1-10;EQU-12;;3052;true;true
1000000484;Minim veniam quis;WORK5;NEO3;2;2023-07-19;2023-07-24;05:59:12;05:59:12;FUNC-LOC-1-14;EQU-3;;1000;false;false
1000000485;Sunt in culpa;WORK6;NEO3;3;2023-07-15;2023-08-02;19:59:12;06:59:12;FUNC-LOC-1-12;EQU-12;1000000485;1000;false;false
1000000486;Eiusmod tempor incididunt;WORK7;NEO1;1;2023-07-06;2023-07-29;18:59:12;03:59:12;FUNC-LOC-1-12;EQU-6;1000000486;2994;true;true
1000000487;Aliquip ex ea;WORK2;NEO2;1;2023-07-03;2023-07-22;16:59:12;14:59:12;FUNC-LOC-1-14;EQU-2;1000000487;1234;true;true
1000000488;Commodo consequat Duis;WORK7;NEO3;3;2023-07-10;2023-07-28;20:59:12;04:59:12;FUNC-LOC-1;EQU-5;;3683;true;false
1000000489;Eiusmod tempor incididunt;WORK11;NEO2;1;2023-07-06;2023-07-08;10:59:12;07:59:12;FUNC-LOC-1;EQU-7;;1234;true;false
1000000490;Aliqua Ut enim;WORK12;NEO3;2;2023-07-26;2023-08-20;16:59:12;18:59:12;FUNC-LOC-1-12;EQU-8;1000000490;1000;true;true
1000000491;Sint occaecat cupidatat;WORK5;NEO2;2;2023-07-22;2023-08-12;23:59:12;00:59:12;FUNC-LOC-2;EQU-14;;2994;false;false
1000000492;Ut enim ad;WORK11;NEO3;2;2023-07-25;2023-08-08;11:59:12;07:59:12;FUNC-LOC-1-10;EQU-3;;1946;true;true
1000000493;Velit esse cillum;WORK14;NEO2;3;2023-07-21;2023-08-09;18:59:12;15:59:12;FUNC-LOC-1-10;EQU-7;1000000493;2745;false;true
1000000494;Deserunt mollit anim;WORK10;NEO2;2;2023-07-12;2023-08-08;11:59:12;21:59:12;FUNC-LOC-2;EQU-4;;1000;true;false
1000000495;Et dolore magna;WORK6;NEO3;1;2023-07-19;2023-08-12;05:59:12;07:59:12;FUNC-LOC-1-10;EQU-10;;2000;false;true
1000000496;Incididunt ut labore;WORK5;NEO2;3;2023-07-15;2023-08-12;14:59:12;17:59:12;FUNC-LOC-1-10;EQU-14;;3683;false;false
1000000497;Exercitation ullamco laboris;WORK8;NEO1;2;2023-07-23;2023-08-12;16:59:12;11:59:12;FUNC-LOC-1-14;EQU-6;1000000497;3052;false;false
1000000498;Dolore eu fugiat;WORK5;NEO2;2;2023-07-12;2023-07-31;20:59:12;03:59:12;FUNC-LOC-2;EQU-11;1000000498;1000;false;false
1000000499;Exercitation ullamco laboris;WORK10;NEO1;3;2023-07-01;2023-07-15;17:59:12;10:59:12;FUNC-LOC-1-12;EQU-14;;2745;true;true
